USE conta;

LOCK TABLES `configurationaccountinghub` WRITE;
INSERT INTO `configurationaccountinghub` VALUES ('2c3dc4e3-da60-4025-9107-76f394bf4001','API_BASE','https://ualamxdev.sandbox.mambu.com',1),('2c3dc4e3-da60-4025-9107-76f394bf4002','USER_AGENT','batch-import',1),('2c3dc4e3-da60-4025-9107-76f394bf4003','HEADER_ACCEPT_GET','application/vnd.mambu.v2+zip',1),('2c3dc4e3-da60-4025-9107-76f394bf4004','TABLES_BACKUP','branch,accountinginterestaccrualbreakdown,customfield,customfieldvalue,glaccount,gljournalentry,loanaccount,loanproduct,loantransaction,transactiondetails,transactionchannel',1),('2c3dc4e3-da60-4025-9107-76f394bf4005','BATCH_IMPORT_UPLOAD_TO_S3','FALSE',1),('2c3dc4e3-da60-4025-9107-76f394bf4006','AMAZON_S3_BUCKET','accounting-hub-s3-bucket2-dev',1),('2c3dc4e3-da60-4025-9107-76f394bf4008','FOLDER_SEPARATOR','/',1),('2c3dc4e3-da60-4025-9107-76f394bf4009','IMPORT_FOLDER','/app',1),('2c3dc4e3-da60-4025-9107-76f394bf4011','BKP_FOLDER','folderBackUp',1),('2c3dc4e3-da60-4025-9107-76f394bf4012','ZIP_FOLDER','zipFolder',1),('2c3dc4e3-da60-4025-9107-76f394bf4015','CORE_FILE_NAME','response',1),('2fa895ab-9335-4a46-855f-6e91d0e0261e','API_CALLBACK','https://3ec9a3a5423311b0095746f12d818c30.m.pipedream.net',1),('3a220696-e85d-49f0-8726-a11b5a7f1908','NOTIFICATION_URL','https://3ec9a3a5423311b0095746f12d818c30.m.pipedream.net',1),('3a220696-e85d-49f0-8726-a57b5a7f11000','MYSQL_PATH','/usr/bin/mysql',1),('3a220696-e85d-49f0-8726-a57b5a7f1200','HEADER_ACCEPT_POST','application/vnd.mambu.v2+json',1),('3a220696-e85d-49f0-8726-a57b5a7f1503','API_KEY','apikey',1),('3a220696-e85d-49f0-8726-a57b5a7f1908','AMAZON_S3_FOLDER','backups',1),('3a220696-e85d-49f0-8726-a57b5a7f1910','ORDER_ACCOUNT_SOURCE','1302080221030000,1302080221050000,1302080221010000',1),('3a220696-e85d-49f0-8726-a57b5a7f1911','ORDER_ACCOUNT_LOGIC','TRUE',1),('3a220696-e85d-49f0-8726-a57b5a7f1912','ORDER_ACCOUNT_DETAILS_JSON','[{"type":"DEBIT","glAccountCode":"7804010100000110","glAccountName":"CARTERA CASTIGADA CAPITAL E INTERESES BALANCE"},{"type":"CREDIT","glAccountCode":"8804010100000110","glAccountName":"CARTERA CASTIGADA CAPITAL E INTERESES BALANCE"}]',1);
UNLOCK TABLES;

LOCK TABLES `configurationsheetcolumns` WRITE;
INSERT INTO `configurationsheetcolumns` (`ENCODEDKEY`, `CONFIGURATIONSHEETENCODEDKEY`, `NAME`, `COLUMNINDEX`, `REQUIRED`, `ENABLE`) VALUES ('3fb4f3f8-2360-11ef-a120-d918e94bbccc','4','ENCODEDKEY',1,1,1),('3fb4f448-2360-11ef-a120-d918e94bbccc','4','CREATIONDATE',2,1,1),('3fb4f45c-2360-11ef-a120-d918e94bbccc','4','CURRENTSTAGE',3,1,1),('3fb4f470-2360-11ef-a120-d918e94bbccc','4','CURRENTGLCODE',4,1,1),('3fb4f484-2360-11ef-a120-d918e94bbccc','4','CURRENTLOANTRXTYPE',5,1,1),('3fb4f498-2360-11ef-a120-d918e94bbccc','4','CURRENTJETYPE',6,0,1),('3fb4f4a2-2360-11ef-a120-d918e94bbccc','4','OUTPUTGLCODE',7,1,1),('3fb4f4b6-2360-11ef-a120-d918e94bbccc','4','OUTPUTGLNAME',8,1,1),('3fb4f4ca-2360-11ef-a120-d918e94bbccc','4','EXCLUSIONGLCODES',9,0,1),('3fb4f4de-2360-11ef-a120-d918e94bbccc','4','ADJUST',10,0,1),('3fb4f4f2-2360-11ef-a120-d918e94bbccc','4','OBSERVACIONES',11,0,1),('3fb4f506-2360-11ef-a120-d918e94bbccc','4','ENABLE',12,1,1),('3fb4f510-2360-11ef-a120-d918e94bbccc','4','TAXENTRY',13,0,1),('3fb4f524-2360-11ef-a120-d918e94bbccc','4','PRINCIPAL',14,0,1),('4ad39c4e-2360-11ef-a120-d918e94bbccc','5','ENCODEDKEY',1,1,1),('4ad39c94-2360-11ef-a120-d918e94bbccc','5','CREATIONDATE',2,1,1),('4ad39ca8-2360-11ef-a120-d918e94bbccc','5','CURRENTSTAGE',3,1,1),('4ad39cb2-2360-11ef-a120-d918e94bbccc','5','CURRENTGLCODE',4,1,1),('4ad39cc6-2360-11ef-a120-d918e94bbccc','5','CURRENTLOANTRXTYPE',5,1,1),('4ad39cda-2360-11ef-a120-d918e94bbccc','5','CURRENTJETYPE',6,0,1),('4ad39cee-2360-11ef-a120-d918e94bbccc','5','OUTPUTGLCODE',7,1,1),('4ad39d02-2360-11ef-a120-d918e94bbccc','5','OUTPUTGLNAME',8,1,1),('4ad39d16-2360-11ef-a120-d918e94bbccc','5','EXCLUSIONGLCODES',9,0,1),('4ad39d20-2360-11ef-a120-d918e94bbccc','5','ADJUST',10,0,1),('4ad39d34-2360-11ef-a120-d918e94bbccc','5','OBSERVACIONES',11,0,1),('4ad39d48-2360-11ef-a120-d918e94bbccc','5','ENABLE',12,1,1),('4ad39d5c-2360-11ef-a120-d918e94bbccc','5','TAXENTRY',13,0,1),('4ad39d66-2360-11ef-a120-d918e94bbccc','5','PRINCIPAL',14,0,1),('b76f9de9-c6c7-4cab-9258-6bff77fb9c01','1','GLNAME',2,1,1),('b76f9de9-c6c7-4cab-9258-6bff77fb9c02','1','TYPE',3,1,1),('b76f9de9-c6c7-4cab-9258-6bff77fb9c03','1','OWNER',4,1,1),('b76f9de9-c6c7-4cab-9258-6bff77fb9c04','1','ENABLE',5,1,1),('b76f9de9-c6c7-4cab-9258-6bff77fb9c10','2','PRODUCTENCODEDKEY',1,1,1),('b76f9de9-c6c7-4cab-9258-6bff77fb9c11','2','PRODUCTID',2,1,1),('b76f9de9-c6c7-4cab-9258-6bff77fb9c12','2','ENABLE',3,1,1),('b76f9de9-c6c7-4cab-9258-6bff77fb9c1f','1','GLCODE',1,1,1),('b76f9de9-c6c7-4cab-9258-6bff77fb9c21','3','ENCODEDKEY',1,1,1),('b76f9de9-c6c7-4cab-9258-6bff77fb9c22','3','CREATIONDATE',2,1,1),('b76f9de9-c6c7-4cab-9258-6bff77fb9c23','3','CURRENTSTAGE',3,1,1),('b76f9de9-c6c7-4cab-9258-6bff77fb9c24','3','CURRENTGLCODE',4,1,1),('b76f9de9-c6c7-4cab-9258-6bff77fb9c25','3','CURRENTLOANTRXTYPE',5,1,1),('b76f9de9-c6c7-4cab-9258-6bff77fb9c26','3','CURRENTJETYPE',6,0,1),('b76f9de9-c6c7-4cab-9258-6bff77fb9c27','3','OUTPUTGLCODE',7,1,1),('b76f9de9-c6c7-4cab-9258-6bff77fb9c28','3','OUTPUTGLNAME',8,1,1),('b76f9de9-c6c7-4cab-9258-6bff77fb9c29','3','EXCLUSIONGLCODES',9,0,1),('b76f9de9-c6c7-4cab-9258-6bff77fb9c30','3','ADJUST',10,0,1),('b76f9de9-c6c7-4cab-9258-6bff77fb9c31','3','OBSERVACIONES',11,0,1),('b76f9de9-c6c7-4cab-9258-6bff77fb9c32','3','ENABLE',12,1,1),('b76f9de9-c6c7-4cab-9258-6bff77fb9c33','3','TAXENTRY',13,0,1),('b76f9de9-c6c7-4cab-9258-6bff77fb9c34','3','PRINCIPAL',14,0,1);
UNLOCK TABLES;

LOCK TABLES `configurationsheets` WRITE;
INSERT INTO `configurationsheets` (`ENCODEDKEY`, `NAME`, `STARTPOSITION`, `STARTPOSITIONCOLUMNNAME`, `NUMBERCOLUMNS`, `REQUIREDID`, `STARTPOSITIONID`, `RECLASSIFICATION`, `ENABLE`) VALUES ('1','ACCOUNTCHART',2,1,5,1,0,0,1),('2','PRODUCT',1,0,3,0,0,0,1),('3','STAGE1',1,0,12,0,0,1,1),('4','STAGE2',1,0,12,0,0,1,1),('5','STAGE3',1,0,12,0,0,1,1);
UNLOCK TABLES;

LOCK TABLES `sheetparametrization` WRITE;
INSERT INTO `sheetparametrization` VALUES ('1','A1','2024-04-16 00:00:00','STAGE1','1302080221030000','INTEREST_APPLIED','','1302080221040000','PERSONAL NO REVOLVENTE INTERES EXIGIBLE ETAPA 1',NULL,NULL,0,NULL,1,0,0,0,0),('10','A1','2024-04-16 00:00:00','STAGE1','','WRITE_OFF','DEBIT','1391940201020000','ETAPA 1 EST PREV RIES CRED PERSONALES',NULL,NULL,0,NULL,1,0,0,0,0),('103','A1','2024-04-16 00:00:00','STAGE3','1302080221060000','BRANCH_CHANGED','CREDIT','8710059005000000','PERS NO REVOLVENTE ETAPA 3 INTERES','DEBIT',NULL,0,NULL,1,0,0,0,0),('104','A1','2024-04-16 00:00:00','STAGE3','1302080221060000','BRANCH_CHANGED','CREDIT','7710059005000000','PERS NO REVOLVENTE ETAPA 3 INTERES','CREDIT',NULL,0,NULL,1,0,0,0,0),('105','A1','2024-04-16 00:00:00','STAGE3','1302080221060000','BRANCH_CHANGED','','','','',NULL,1,NULL,1,0,0,0,0),('106','A1','2024-04-16 00:00:00','STAGE3','1302080221060000','BRANCH_CHANGED','CREDIT','2401070100000004','IVA DE CARTERA DE CREDITO','CREDIT',NULL,0,NULL,1,0,0,0,0),('107','A1','2024-04-16 00:00:00','STAGE3','1302080221030000','BRANCH_CHANGED','CREDIT','8710059002000000','INT DEV ORD DE CART VENC PERSONALES','DEBIT',NULL,0,NULL,1,0,0,0,0),('108','A1','2024-04-16 00:00:00','STAGE3','1302080221030000','BRANCH_CHANGED','CREDIT','7710059002000000','INTS DEV NO COB DER CART. VDA. PERSONALES','CREDIT','221',0,'0,InterestMA',1,0,0,0,0),('109','A1','2024-04-16 00:00:00','STAGE3','1302080221030000','BRANCH_CHANGED','CREDIT','5105870201210000','INTS CART ETAPA 1 CREDITOS PERSONALES','CREDIT',NULL,0,NULL,1,0,0,0,0),('11','A1','2024-04-16 00:00:00','STAGE1','1302080221010000','WRITE_OFF','','1302080221020000','PERSONAL NO REVOLVENTE CAPITAL EXIGIBLE ETAPA 1',NULL,NULL,0,NULL,1,0,1,0,0),('110','A1','2024-04-16 00:00:00','STAGE3','1302080221010000','BRANCH_CHANGED','DEBIT','1370610220010000','PERS NO REVOLVENTE ETAPA 3 CAPITAL',NULL,NULL,0,NULL,1,0,0,0,0),('111','A1','2024-04-16 00:00:00','STAGE3','1302080221030000','BRANCH_CHANGED','DEBIT','1370610220020000','PERS NO REVOLVENTE ETAPA 3 INTERES',NULL,'66',0,'0,InterestS3',1,0,0,0,0),('112','A1','2024-04-16 00:00:00','STAGE3','1302080221050000','BRANCH_CHANGED','DEBIT','1370610220030000','PERS NO REVOLVENTE ETAPA 3 INTERES MORATORIOS',NULL,'110',0,'0,PenaltyS3',1,0,0,0,0),('12','A1','2024-04-16 00:00:00','STAGE1','1302080221030000','WRITE_OFF','','1302080221040000','PERSONAL NO REVOLVENTE INTERES EXIGIBLE ETAPA 1',NULL,NULL,0,NULL,1,0,0,0,0),('120','A1','2024-04-16 00:00:00','STAGE3','1302080221030000','ACCRUED_INTEREST',NULL,'7710059002000000','INTS DEV NO COB DER CART. VDA. PERSONALES',NULL,NULL,0,NULL,1,0,0,0,0),('121','A1','2024-04-16 00:00:00','STAGE3','1302080221030000','ACCRUED_INTEREST',NULL,'7710059005000000','IVA INTS DEV NO COB DE CART. ETAPA 3 CRED PERSONALES',NULL,'314',0,'0,InterestMA',1,1,0,0,0),('122','A1','2024-04-16 00:00:00','STAGE3','5105870201210000','ACCRUED_INTEREST',NULL,'8710059002000000','INT DEV ORD DE CART VENC PERSONALES',NULL,NULL,0,NULL,1,0,0,0,0),('123','A1','2024-04-16 00:00:00','STAGE3','5105870201210000','ACCRUED_INTEREST',NULL,'8710059005000000','IVA INTS DEV NO COB DE CART. ETAPA 3 CRED PERSONALES',NULL,NULL,0,NULL,1,1,0,0,0),('13','A1','2024-04-16 00:00:00','STAGE2','1302080221030000','INTEREST_APPLIED','','1303080220030000','PERS NO REVOLVENTE ETAPA 2 INTERES',NULL,NULL,0,NULL,1,0,0,0,0),('130','A1','2024-04-16 00:00:00','STAGE3','1302080221030000','INTEREST_APPLIED',NULL,'7710059002000000','INTS DEV NO COB DER CART. VDA. PERSONALES',NULL,'409',0,'0,InterestMA',1,0,0,0,0),('131','A1','2024-04-16 00:00:00','STAGE3','1302080221060000','INTEREST_APPLIED',NULL,'7710059005000000','IVA INTS DEV NO COB DE CART. ETAPA 3 CRED PERSONALES',NULL,NULL,0,NULL,1,1,0,0,0),('132','A1','2024-04-16 00:00:00','STAGE3','5105870201210000','INTEREST_APPLIED',NULL,'8710059002000000','INT DEV ORD DE CART VENC PERSONALES',NULL,NULL,0,NULL,1,0,0,0,0),('133','A1','2024-04-16 00:00:00','STAGE3','2401070100000004','INTEREST_APPLIED',NULL,'8710059005000000','\'IVA INTS DEV NO COB DE CART. ETAPA 3 CRED PERSONALES',NULL,NULL,0,NULL,1,1,0,0,0),('14','A1','2024-04-16 00:00:00','STAGE2','5105870201210000','INTEREST_APPLIED','','5105970201100000','INTS CART ETAPA 2 CREDITOS PERSONALES',NULL,NULL,0,NULL,1,0,0,0,0),('140','A1','2024-04-16 00:00:00','STAGE3','1302080221050000','PENALTY_APPLIED',NULL,'7802020300000000','INT MORATORIOS PERSONALES',NULL,'500',0,'0,PenaltyMA',1,0,0,0,0),('141','A1','2024-04-16 00:00:00','STAGE3','5105870201220000','PENALTY_APPLIED',NULL,'8802020300000000','INT MORATORIOS PERSONALES',NULL,NULL,0,NULL,1,0,0,0,0),('142','A1','2024-04-16 00:00:00','STAGE3','1302080221060000','PENALTY_APPLIED',NULL,'7802020400000000','IVA INT MORATORIOS PERSONALES',NULL,NULL,0,NULL,1,1,0,0,0),('143','A1','2024-04-16 00:00:00','STAGE3','2401070100000004','PENALTY_APPLIED',NULL,'8802020400000000','IVA INT MORATORIOS PERSONALES',NULL,NULL,0,NULL,1,1,0,0,0),('15','A1','2024-04-16 00:00:00','STAGE2','1302080221030000','ACCRUED_INTEREST','','1303080220030000','PERS NO REVOLVENTE ETAPA 2 INTERES',NULL,NULL,0,NULL,1,0,0,0,0),('151','A1','2024-04-16 00:00:00','STAGE3','1302080221010000','REPAYMENT','CREDIT','1370610220010000','PERS NO REVOLVENTE ETAPA 3 CAPITAL',NULL,NULL,0,NULL,1,0,0,0,0),('152','A1','2024-04-16 00:00:00','STAGE3','1302080221050000','REPAYMENT','CREDIT','1302080221060000','IVA A COBRAR DE CARTERA DE CREDITO','DEBIT',NULL,0,NULL,1,1,0,0,0),('153','A1','2024-04-16 00:00:00','STAGE3','1302080221030000','REPAYMENT','CREDIT','5102710201100000','INTS CART ETAPA 3 CRED PERSONALES','CREDIT',NULL,0,NULL,1,0,0,0,0),('154','A1','2024-04-16 00:00:00','STAGE3','1302080221030000','REPAYMENT','CREDIT','2401070100000004','IVA DE CARTERA DE CREDITO','CREDIT',NULL,0,NULL,1,0,0,0,0),('155','A1','2024-04-16 00:00:00','STAGE3','1302080221030000','REPAYMENT','CREDIT','8710059002000000','INT DEV ORD DE CART VENC PERSONALES','DEBIT',NULL,0,NULL,1,0,0,0,0),('156','A1','2024-04-16 00:00:00','STAGE3','1302080221030000','REPAYMENT','CREDIT','8710059005000000','IVA INTS DEV NO COB DE CART. ETAPA 3 CRED PERSONALES','DEBIT',NULL,0,NULL,1,0,0,0,0),('157','A1','2024-04-16 00:00:00','STAGE3','1302080221030000','REPAYMENT','CREDIT','7710059002000000','INTS DEV NO COB DER CART. VDA. PERSONALES','CREDIT',NULL,0,NULL,1,0,0,0,0),('158','A1','2024-04-16 00:00:00','STAGE3','1302080221030000','REPAYMENT','CREDIT','7710059005000000','IVA INTS DEV NO COB DE CART. ETAPA 3 CRED PERSONALES','CREDIT',NULL,0,NULL,1,0,0,0,0),('159','A1','2024-04-16 00:00:00','STAGE3','1302080221030000','REPAYMENT','CREDIT','1370610220020000','PERS NO REVOLVENTE ETAPA 3 INTERES',NULL,'827',0,'3,InterestS3',1,0,0,0,0),('16','A1','2024-04-16 00:00:00','STAGE2','1302080221030000','ACCRUED_INTEREST','','1302080221060000','IVA A COBRAR DE CARTERA DE CREDITO',NULL,NULL,0,NULL,1,1,0,0,0),('160','A1','2024-04-16 00:00:00','STAGE3','1302080221060000','REPAYMENT','CREDIT','1302080221060000','IVA A COBRAR DE CARTERA DE CREDITO',NULL,NULL,0,NULL,1,0,0,0,0),('161','A1','2024-04-16 00:00:00','STAGE3','1302080221050000','REPAYMENT','CREDIT','8802020300000000','INT MORATORIOS PERSONALES','DEBIT','635',0,'1,PenaltyMA',1,0,0,0,0),('162','A1','2024-04-16 00:00:00','STAGE3','1302080221050000','REPAYMENT','CREDIT','8802020400000000','IVA INT MORATORIOS PERSONALES','DEBIT',NULL,0,NULL,1,1,0,0,0),('163','A1','2024-04-16 00:00:00','STAGE3','1302080221050000','REPAYMENT','CREDIT','7802020300000000','INT MORATORIOS PERSONALES','CREDIT',NULL,0,NULL,1,0,0,0,0),('164','A1','2024-04-16 00:00:00','STAGE3','1302080221050000','REPAYMENT','CREDIT','7802020400000000','IVA INT MORATORIOS PERSONALES','CREDIT',NULL,0,NULL,1,1,0,0,0),('165','A1','2024-04-16 00:00:00','STAGE3','1302080221050000','REPAYMENT','CREDIT','1370610220030000','PERS NO REVOLVENTE ETAPA 3 INTERES MORATORIOS','DEBIT','635',0,'2,PenaltyS3',1,0,0,0,0),('166','A1','2024-04-16 00:00:00','STAGE3','1302080221050000','REPAYMENT','CREDIT','5102710201200000','INTS MORATORIOS CART ETAPA 3 CRED PERSONALES','CREDIT',NULL,0,NULL,1,0,0,0,0),('167','A1','2024-04-16 00:00:00','STAGE3','1302080221030000','REPAYMENT','CREDIT','1302080221060000','IVA A COBRAR DE CARTERA DE CREDITO','DEBIT',NULL,0,NULL,1,1,0,0,0),('168','A1','2024-04-16 00:00:00','STAGE3','1302080221030000','REPAYMENT','CREDIT','1302080221060000','IVA A COBRAR DE CARTERA DE CREDITO',NULL,NULL,0,NULL,1,0,0,0,0),('17','A1','2024-04-16 00:00:00','STAGE2','5105870201210000','ACCRUED_INTEREST','','5105970201100000','INTS CART ETAPA 2 CREDITOS PERSONALES',NULL,NULL,0,NULL,1,0,0,0,0),('170','A1','2024-04-16 00:00:00','STAGE3',NULL,'WRITE_OFF','DEBIT','1391960202000000','ETAPA 3 EST PREV RIES CRED PERSONALES',NULL,NULL,0,NULL,1,0,0,0,0),('171','A1','2024-04-16 00:00:00','STAGE3','1302080221010000','WRITE_OFF','CREDIT','1370610220010000','PERS NO REVOLVENTE ETAPA 3 CAPITAL',NULL,NULL,0,NULL,1,0,0,0,0),('172','A1','2024-04-16 00:00:00','STAGE3','1302080221050000','WRITE_OFF','CREDIT','1391960202000000','ETAPA 3 EST PREV RIES CRED PERSONALES','CREDIT',NULL,0,NULL,1,0,0,0,0),('173','A1','2024-04-16 00:00:00','STAGE3','1302080221050000','WRITE_OFF','CREDIT','1370610220030000','PERS NO REVOLVENTE ETAPA 3 INTERES MORATORIOS','DEBIT',NULL,0,NULL,1,0,0,0,0),('174','A1','2024-04-16 00:00:00','STAGE3','1302080221050000','WRITE_OFF','CREDIT','1302080221060000','IVA A COBRAR DE CARTERA DE CREDITO','DEBIT',NULL,0,NULL,1,1,0,0,0),('175','A1','2024-04-16 00:00:00','STAGE3','1302080221050000','WRITE_OFF','CREDIT','8802020300000000','INT MORATORIOS PERSONALES','DEBIT',NULL,0,NULL,1,0,0,0,0),('176','A1','2024-04-16 00:00:00','STAGE3','1302080221050000','WRITE_OFF','CREDIT','8802020400000000','IVA INT MORATORIOS PERSONALES','DEBIT',NULL,0,NULL,1,1,0,0,0),('177','A1','2024-04-16 00:00:00','STAGE3','1302080221050000','WRITE_OFF','CREDIT','7802020300000000','INT MORATORIOS PERSONALES','CREDIT',NULL,0,NULL,1,0,0,0,0),('178','A1','2024-04-16 00:00:00','STAGE3','1302080221050000','WRITE_OFF','CREDIT','7802020400000000','IVA INT MORATORIOS PERSONALES','CREDIT',NULL,0,NULL,1,1,0,0,0),('179','A1','2024-04-16 00:00:00','STAGE3','1302080221030000','WRITE_OFF','CREDIT','1391960202000000','ETAPA 3 EST PREV RIES CRED PERSONALES','CREDIT',NULL,0,NULL,1,0,0,0,0),('18','A1','2024-04-16 00:00:00','STAGE2','5105870201210000','ACCRUED_INTEREST','','2401070100000004','IVA DE CARTERA DE CREDITO',NULL,NULL,0,NULL,1,1,0,0,0),('180','A1','2024-04-16 00:00:00','STAGE3','1302080221030000','WRITE_OFF','CREDIT','1370610220020000','PERS NO REVOLVENTE ETAPA 3 INTERES','DEBIT',NULL,0,NULL,1,0,0,0,0),('181','A1','2024-04-16 00:00:00','STAGE3','1302080221030000','WRITE_OFF','CREDIT','1302080221060000','IVA A COBRAR DE CARTERA DE CREDITO','DEBIT',NULL,0,NULL,1,1,0,0,0),('182','A1','2024-04-16 00:00:00','STAGE3','1302080221030000','WRITE_OFF','CREDIT','8710059002000000','INT DEV ORD DE CART VENC PERSONALES','DEBIT',NULL,0,NULL,1,0,0,0,0),('183','A1','2024-04-16 00:00:00','STAGE3','1302080221030000','WRITE_OFF','CREDIT','8710059005000000','IVA INTS DEV NO COB DE CART. ETAPA 3 CRED PERSONALES','DEBIT',NULL,0,NULL,1,1,0,0,0),('184','A1','2024-04-16 00:00:00','STAGE3','1302080221030000','WRITE_OFF','CREDIT','7710059002000000','INTS DEV NO COB DER CART. VDA. PERSONALES','CREDIT',NULL,0,NULL,1,0,0,0,0),('185','A1','2024-04-16 00:00:00','STAGE3','1302080221030000','WRITE_OFF','CREDIT','7710059005000000','IVA INTS DEV NO COB DE CART. ETAPA 3 CRED PERSONALES','CREDIT',NULL,0,NULL,1,1,0,0,0),('186','A1','2024-04-16 00:00:00','STAGE3','1302080221030000','WRITE_OFF','CREDIT','1370610220020000','PERS NO REVOLVENTE ETAPA 3 INTERES',NULL,NULL,0,NULL,1,0,0,0,0),('187','A1','2024-04-16 00:00:00','STAGE3','1302080221060000','WRITE_OFF','CREDIT','1302080221060000','IVA A COBRAR DE CARTERA DE CREDITO',NULL,NULL,0,NULL,1,0,0,0,0),('19','A1','2024-04-16 00:00:00','STAGE2','1302080221050000','PENALTY_APPLIED','','1303080220040000','PERS NO REVOLVENTE ETAPA 2 INTERES MORATORIO',NULL,NULL,0,NULL,1,0,0,0,0),('190','A1','2024-04-16 00:00:00','STAGE3',NULL,'INTEREST_DUE_REDUCED','DEBIT','1391960202000000','ETAPA 3 EST PREV RIES CRED PERSONALES',NULL,NULL,0,NULL,1,0,0,0,0),('191','A1','2024-04-16 00:00:00','STAGE3','1302080221030000','INTEREST_DUE_REDUCED','CREDIT','1391960202000000','ETAPA 3 EST PREV RIES CRED PERSONALES','CREDIT',NULL,0,NULL,1,0,0,0,0),('192','A1','2024-04-16 00:00:00','STAGE3','1302080221030000','INTEREST_DUE_REDUCED','CREDIT','1370610220020000','PERS NO REVOLVENTE ETAPA 3 INTERES','DEBIT',NULL,0,NULL,1,0,0,0,0),('193','A1','2024-04-16 00:00:00','STAGE3','1302080221030000','INTEREST_DUE_REDUCED','CREDIT','1302080221060000','IVA A COBRAR DE CARTERA DE CREDITO','DEBIT',NULL,0,NULL,1,1,0,0,0),('194','A1','2024-04-16 00:00:00','STAGE3','1302080221030000','INTEREST_DUE_REDUCED','CREDIT','8710059002000000','INT DEV ORD DE CART VENC PERSONALES','DEBIT',NULL,0,NULL,1,0,0,0,0),('195','A1','2024-04-16 00:00:00','STAGE3','1302080221030000','INTEREST_DUE_REDUCED','CREDIT','8710059005000000','IVA INTS DEV NO COB DE CART. ETAPA 3 CRED PERSONALES','DEBIT',NULL,0,NULL,1,1,0,0,0),('196','A1','2024-04-16 00:00:00','STAGE3','1302080221030000','INTEREST_DUE_REDUCED','CREDIT','7710059002000000','INTS DEV NO COB DER CART. VDA. PERSONALES','CREDIT',NULL,0,NULL,1,0,0,0,0),('197','A1','2024-04-16 00:00:00','STAGE3','1302080221030000','INTEREST_DUE_REDUCED','CREDIT','7710059005000000','IVA INTS DEV NO COB DE CART. ETAPA 3 CRED PERSONALES','CREDIT',NULL,0,NULL,1,1,0,0,0),('198','A1','2024-04-16 00:00:00','STAGE3','1302080221030000','INTEREST_DUE_REDUCED','CREDIT','1370610220020000','PERS NO REVOLVENTE ETAPA 3 INTERES',NULL,NULL,0,NULL,1,0,0,0,0),('199','A1','2024-04-16 00:00:00','STAGE3','1302080221060000','INTEREST_DUE_REDUCED','CREDIT','1302080221060000','IVA A COBRAR DE CARTERA DE CREDITO',NULL,NULL,0,NULL,1,0,0,0,0),('2','A1','2024-04-16 00:00:00','STAGE1','1302080221030000','ACCRUED_INTEREST','','1302080221060000','IVA A COBRAR DE CARTERA DE CREDITO',NULL,NULL,0,NULL,1,1,0,0,0),('20','A1','2024-04-16 00:00:00','STAGE2','5105870201220000','PENALTY_APPLIED','','5105970201200000','INTS MORATORIOS CART ETAPA 2 CREDITOS PERSONALES',NULL,NULL,0,NULL,1,0,0,0,0),('200','A1','2024-04-16 00:00:00','STAGE3',NULL,'PENALTIES_DUE_REDUCED','DEBIT','1391960202000000','ETAPA 3 EST PREV RIES CRED PERSONALES',NULL,NULL,0,NULL,1,0,0,0,0),('201','A1','2024-04-16 00:00:00','STAGE3','1302080221050000','PENALTIES_DUE_REDUCED','CREDIT','1391960202000000','ETAPA 3 EST PREV RIES CRED PERSONALES','CREDIT',NULL,0,NULL,1,0,0,0,0),('202','A1','2024-04-16 00:00:00','STAGE3','1302080221050000','PENALTIES_DUE_REDUCED','CREDIT','1370610220030000','PERS NO REVOLVENTE ETAPA 3 INTERES MORATORIOS','DEBIT',NULL,0,NULL,1,0,0,0,0),('203','A1','2024-04-16 00:00:00','STAGE3','1302080221050000','PENALTIES_DUE_REDUCED','CREDIT','1302080221060000','IVA A COBRAR DE CARTERA DE CREDITO','DEBIT',NULL,0,NULL,1,1,0,0,0),('204','A1','2024-04-16 00:00:00','STAGE3','1302080221050000','PENALTIES_DUE_REDUCED','CREDIT','8802020300000000','INT MORATORIOS PERSONALES','DEBIT',NULL,0,NULL,1,0,0,0,0),('205','A1','2024-04-16 00:00:00','STAGE3','1302080221050000','PENALTIES_DUE_REDUCED','CREDIT','8802020400000000','IVA INT MORATORIOS PERSONALES','DEBIT',NULL,0,NULL,1,1,0,0,0),('206','A1','2024-04-16 00:00:00','STAGE3','1302080221050000','PENALTIES_DUE_REDUCED','CREDIT','7802020300000000','INT MORATORIOS PERSONALES','CREDIT',NULL,0,NULL,1,0,0,0,0),('207','A1','2024-04-16 00:00:00','STAGE3','1302080221050000','PENALTIES_DUE_REDUCED','CREDIT','7802020400000000','IVA INT MORATORIOS PERSONALES','CREDIT',NULL,0,NULL,1,1,0,0,0),('208','A1','2024-04-16 00:00:00','STAGE3','1302080221050000','PENALTIES_DUE_REDUCED','CREDIT','1370610220030000','PERS NO REVOLVENTE ETAPA 3 INTERES MORATORIOS',NULL,NULL,0,NULL,1,0,0,0,0),('209','A1','2024-04-16 00:00:00','STAGE3','1302080221060000','PENALTIES_DUE_REDUCED','CREDIT','1302080221060000','IVA A COBRAR DE CARTERA DE CREDITO',NULL,NULL,0,NULL,1,0,0,0,0),('21','A1','2024-04-16 00:00:00','STAGE2','1302080221010000','REPAYMENT','','1303080220010000','PERS NO REVOLVENTE ETAPA 2 CAPITAL',NULL,NULL,0,NULL,1,0,0,0,0),('22','A1','2024-04-16 00:00:00','STAGE2','1302080221030000','REPAYMENT','','1303080220030000','PERS NO REVOLVENTE ETAPA 2 INTERES',NULL,NULL,0,NULL,1,0,0,0,0),('23','A1','2024-04-16 00:00:00','STAGE2','1302080221050000','REPAYMENT','','1303080220040000','PERS NO REVOLVENTE ETAPA 2 INTERES MORATORIOS',NULL,NULL,0,NULL,1,0,0,0,0),('24','A1','2024-04-16 00:00:00','STAGE1','1302080221030000','BRANCH_CHANGED','DEBIT','1302080221040000','PERSONAL NO REVOLVENTE INTERES EXIGIBLE ETAPA 1',NULL,NULL,0,NULL,1,0,0,0,0),('25','A1','2024-04-16 00:00:00','STAGE2','1302080221010000','BRANCH_CHANGED','CREDIT','1303080220010000','PERS NO REVOLVENTE ETAPA 2 CAPITAL',NULL,NULL,0,NULL,1,0,0,0,0),('26','A1','2024-04-16 00:00:00','STAGE2','1302080221030000','BRANCH_CHANGED','CREDIT','1303080220030000','PERS NO REVOLVENTE ETAPA 2 INTERES',NULL,NULL,0,NULL,1,0,0,0,0),('27','A1','2024-04-16 00:00:00','STAGE2','','WRITE_OFF','DEBIT','1391950202000000','ETAPA 2 EST PREV RIES CRED PERSONALES',NULL,NULL,0,NULL,1,0,0,0,0),('28','A1','2024-04-16 00:00:00','STAGE2','1302080221010000','WRITE_OFF','','1303080220010000','PERS NO REVOLVENTE ETAPA 2 CAPITAL',NULL,NULL,0,NULL,1,0,0,0,0),('29','A1','2024-04-16 00:00:00','STAGE2','1302080221030000','WRITE_OFF','','1303080220030000','PERS NO REVOLVENTE ETAPA 2 INTERES',NULL,NULL,0,NULL,1,0,0,0,0),('3','A1','2024-04-16 00:00:00','STAGE1','5105870201210000','ACCRUED_INTEREST','','2401070100000004','IVA DE CARTERA DE CREDITO',NULL,NULL,0,NULL,1,1,0,0,0),('30','A1','2024-04-16 00:00:00','STAGE2','1302080221050000','WRITE_OFF','','1303080220040000','PERS NO REVOLVENTE ETAPA 2 INTERES MORATORIOS',NULL,NULL,0,NULL,1,0,0,0,0),('31','A1','2024-04-16 00:00:00','STAGE1','1302080221050000','PENALTIES_DUE_REDUCED','','5105870201220000','INTS MORATORIOS CART ETAPA 1 CREDITOS PERSONALES','DEBIT',NULL,0,NULL,1,0,0,0,0),('32','A1','2024-04-16 00:00:00','STAGE1','1302080221060000','PENALTIES_DUE_REDUCED','','2401070100000004','IVA DE CARTERA DE CREDITO','DEBIT',NULL,0,NULL,1,0,0,0,0),('33','A1','2024-04-16 00:00:00','STAGE2','','PENALTIES_DUE_REDUCED','DEBIT','1391950202000000','ETAPA 2 EST PREV RIES CRED PERSONALES',NULL,NULL,0,NULL,1,0,0,0,0),('34','A1','2024-04-16 00:00:00','STAGE2','1302080221050000','PENALTIES_DUE_REDUCED','','1303080220040000','PERS NO REVOLVENTE ETAPA 2 INTERES MORATORIOS',NULL,NULL,0,NULL,1,0,0,0,0),('35','A1','2024-04-16 00:00:00','STAGE1','1302080221030000','INTEREST_DUE_REDUCED','','5105870201210000','INTS CART ETAPA 1 CREDITOS PERSONALES',NULL,NULL,0,NULL,1,0,0,0,0),('36','A1','2024-04-16 00:00:00','STAGE1','1302080221060000','INTEREST_DUE_REDUCED','','2401070100000004','IVA DE CARTERA DE CREDITO',NULL,NULL,0,NULL,1,0,0,0,0),('37','A1','2024-04-16 00:00:00','STAGE1','1302080221030000','INTEREST_DUE_REDUCED','','1302080221040000','PERSONAL NO REVOLVENTE INTERES EXIGIBLE ETAPA 1',NULL,NULL,0,NULL,1,0,0,0,0),('38','A1','2024-04-16 00:00:00','STAGE2','','INTEREST_DUE_REDUCED','DEBIT','1391950202000000','ETAPA 2 EST PREV RIES CRED PERSONALES',NULL,NULL,0,NULL,1,0,0,0,0),('39','A1','2024-04-16 00:00:00','STAGE2','1302080221030000','INTEREST_DUE_REDUCED','','1303080220030000','PERS NO REVOLVENTE ETAPA 2 INTERES',NULL,NULL,0,NULL,1,0,0,0,0),('4','A1','2024-04-16 00:00:00','STAGE1','1302080221010000','REPAYMENT','','1302080221020000','PERSONAL NO REVOLVENTE CAPITAL EXIGIBLE ETAPA 1',NULL,NULL,0,NULL,1,0,1,0,0),('40','A1','2024-08-05 00:00:00','STAGE1','1302080221030000','INTEREST_APPLIED','','1302080221020000','PERSONAL NO REVOLVENTE CAPITAL EXIGIBLE ETAPA 1',NULL,NULL,0,NULL,1,0,0,1,0),('41','A1','2024-04-16 00:00:00','STAGE1','6291040202000000','PENALTIES_DUE_REDUCED','',' ',' ',' ',NULL,1,NULL,1,0,0,0,0),('42','A1','2024-08-05 00:00:00','STAGE1','1302080221060000','BRANCH_CHANGED','',NULL,NULL,NULL,NULL,1,NULL,1,0,0,0,0),('43','A1','2024-08-05 00:00:00','STAGE2','1302080221060000','BRANCH_CHANGED','',NULL,NULL,NULL,NULL,1,NULL,1,0,0,0,0),('44','A1','2024-08-19 00:00:00','STAGE1','1302080221010000','BRANCH_CHANGED','CREDIT','1302080221020000','PERSONAL NO REVOLVENTE CAPITAL EXIGIBLE ETAPA 1',NULL,NULL,0,NULL,1,0,1,0,0),('45','A1','2024-08-30 00:00:00','STAGE1','5105870201210000','ACCRUED_INTEREST','','5105870201210000','INTS CART ETAPA 1 CREDITOS PERSONALES',NULL,NULL,0,NULL,1,0,0,0,0),('47','A1','2024-04-16 00:00:00','STAGE1','1302080221010000','WRITE_OFF','','1302080221010000','PERSONAL NO REVOLVENTE CAPITAL ETAPA 1',NULL,NULL,0,NULL,0,0,0,0,0),('48','A1','2024-10-18 00:00:00','STAGE1','1302080221030000','INTEREST_APPLIED','','1302080221010000','PERSONAL NO REVOLVENTE CAPITAL ETAPA 1','CREDIT',NULL,0,NULL,1,0,0,1,0),('49','A1','2024-11-01 00:00:00','STAGE1','1302080221010000','WRITE_OFF','','7804010100000110','CARTERA CASTIGADA CAPITAL E INTERESES BALANCE','DEBIT',NULL,0,NULL,0,0,0,0,1),('5','A1','2024-04-16 00:00:00','STAGE1','1302080221030000','REPAYMENT','','1302080221040000','PERSONAL NO REVOLVENTE INTERES EXIGIBLE ETAPA 1',NULL,NULL,0,NULL,1,0,0,0,0),('50','A1','2024-11-01 00:00:00','STAGE1','1302080221010000','WRITE_OFF','','8804010100000110','CARTERA CASTIGADA CAPITAL E INTERESES BALANCE','CREDIT',NULL,0,NULL,0,0,0,0,1),('51','A1','2024-04-16 00:00:00','STAGE1','5105870201210000','REPAYMENT','','2401070100000004','IVA DE CARTERA DE CREDITO',NULL,NULL,0,NULL,1,1,0,0,0),('56','A1','2024-04-16 00:00:00','STAGE2','6291020000000000','REPAYMENT','','1391950202000000','ETAPA 2 EST PREV RIES CRED PERSONALES',NULL,NULL,0,NULL,1,0,0,0,0),('57','A1','2024-04-16 00:00:00','STAGE2','5105870201210000','REPAYMENT','','1391950202000000','ETAPA 2 EST PREV RIES CRED PERSONALES',NULL,NULL,0,NULL,1,0,0,0,0),('58','A1','2024-04-16 00:00:00','STAGE2','1302080221050000','WRITE_OFF','','7804010100000110','CARTERA CASTIGADA CAPITAL E INTERESES BALANCE','DEBIT',NULL,0,NULL,0,0,0,0,1),('59','A1','2024-04-16 00:00:00','STAGE2','1302080221050000','WRITE_OFF','','8804010100000110','CARTERA CASTIGADA CAPITAL E INTERESES BALANCE','CREDIT',NULL,0,NULL,0,0,0,0,1),('6','A1','2024-04-16 00:00:00','STAGE1','1302080221030000','BRANCH_CHANGED','CREDIT','1302080221040000','PERSONAL NO REVOLVENTE INTERES EXIGIBLE ETAPA 1',NULL,NULL,0,NULL,1,0,0,0,0),('60','A1','2024-10-18 00:00:00','STAGE2','1302080221060000','INTEREST_APPLIED',NULL,NULL,NULL,NULL,NULL,1,NULL,1,0,0,0,0),('61','A1','2024-10-18 00:00:00','STAGE2','2401070100000004','INTEREST_APPLIED',NULL,NULL,NULL,NULL,NULL,1,NULL,1,0,0,0,0),('7','A1','2024-04-16 00:00:00','STAGE2','1302080221010000','BRANCH_CHANGED','DEBIT','1303080220010000','PERS NO REVOLVENTE ETAPA 2 CAPITAL',NULL,NULL,0,NULL,1,0,0,0,0),('8','A1','2024-04-16 00:00:00','STAGE2','1302080221030000','BRANCH_CHANGED','DEBIT','1303080220030000','PERS NO REVOLVENTE ETAPA 2 INTERES',NULL,NULL,0,NULL,1,0,0,0,0),('9','A1','2024-04-16 00:00:00','STAGE2','1302080221050000','BRANCH_CHANGED','','1303080220040000','PERS NO REVOLVENTE ETAPA 2 INTERES MORATORIOS',NULL,NULL,0,NULL,1,0,0,0,0);
UNLOCK TABLES;

LOCK TABLES `productaccountinghub` WRITE;
INSERT INTO `productaccountinghub` VALUES ('8a5ca0548f62549b018f627490880492','PMA-11_AH','A1',1);
UNLOCK TABLES;